Ticker,Name,Asset Class,Weight (%),Price,Shares,Market Value,Notional Value,Sector,SEDOL,ISIN,Exchange
"ZBRA","ZEBRA TECHNOLOGIES CORP CLASS A","Equity","0.70","218.30","1,544,152.00","337,088,381.60","337,088,381.60","Information Technology","2989356","US9892071054","NASDAQ"
"IEX","IDEX CORP","Equity","0.68","151.64","2,172,559.00","329,446,846.76","329,446,846.76","Industrials","2456612","US45167R1041","New York Stock Exchange Inc."
"STE","STERIS","Equity","0.63","125.16","2,424,635.00","303,467,316.60","303,467,316.60","Health Care","BVVBC02","GB00BVVBC028","New York Stock Exchange Inc."
"ULTI","ULTIMATE SOFTWARE GROUP INC","Equity","0.62","330.94","908,089.00","300,522,973.66","300,522,973.66","Information Technology","2249964","US90385D1072","NASDAQ"
"TRMB","TRIMBLE INC","Equity","0.61","40.78","7,209,495.00","294,003,206.10","294,003,206.10","Information Technology","2903958","US8962391004","NASDAQ"
"PTC","PTC INC","Equity","0.60","94.96","3,060,359.00","290,611,690.64","290,611,690.64","Information Technology","B95N910","US69370C1009","NASDAQ"
"DPZ","DOMINOS PIZZA INC","Equity","0.60","245.05","1,176,414.00","288,280,250.70","288,280,250.70","Consumer Discretionary","B01SD70","US25754A2015","New York Stock Exchange Inc."
"UGI","UGI CORP","Equity","0.57","55.70","4,983,217.00","277,565,186.90","277,565,186.90","Utilities","2910118","US9026811052","New York Stock Exchange Inc."
"CPT","CAMDEN PROPERTY TRUST REIT","Equity","0.57","99.87","2,769,955.00","276,635,405.85","276,635,405.85","Real Estate","2166320","US1331311027","New York Stock Exchange Inc."
"ODFL","OLD DOMINION FREIGHT LINE INC","Equity","0.56","145.82","1,860,823.00","271,345,209.86","271,345,209.86","Industrials","2656423","US6795801009","NASDAQ"
"NVR","NVR INC","Equity","0.56","2,760.73","97,458.00","269,055,224.34","269,055,224.34","Consumer Discretionary","2637785","US62944T1051","New York Stock Exchange Inc."
"LII","LENNOX INTERNATIONAL INC","Equity","0.55","260.36","1,028,615.00","267,810,201.40","267,810,201.40","Industrials","2442053","US5261071071","New York Stock Exchange Inc."
"LDOS","LEIDOS HOLDINGS INC","Equity","0.55","63.75","4,189,615.00","267,087,956.25","267,087,956.25","Information Technology","BDV82B8","US5253271028","New York Stock Exchange Inc."
"MOH","MOLINA HEALTHCARE INC","Equity","0.55","148.29","1,790,378.00","265,495,153.62","265,495,153.62","Health Care","2212706","US60855R1005","New York Stock Exchange Inc."
"FDS","FACTSET RESEARCH SYSTEMS INC","Equity","0.55","242.32","1,090,310.00","264,203,919.20","264,203,919.20","Financials","2329770","US3030751057","New York Stock Exchange Inc."
"CGNX","COGNEX CORP","Equity","0.54","53.47","4,896,765.00","261,830,024.55","261,830,024.55","Information Technology","2208288","US1924221039","NASDAQ"
"MKTX","MARKETAXESS HOLDINGS INC","Equity","0.54","240.16","1,080,220.00","259,425,635.20","259,425,635.20","Financials","B03Q9D0","US57060D1081","NASDAQ"
"RGA","REINSURANCE GROUP OF AMERICA INC","Equity","0.54","144.92","1,789,850.00","259,385,062.00","259,385,062.00","Financials","2731193","US7593516047","New York Stock Exchange Inc."
"Y","ALLEGHANY CORP","Equity","0.53","615.09","414,661.00","255,053,834.49","255,053,834.49","Financials","2016801","US0171751003","New York Stock Exchange Inc."
"LYV","LIVE NATION ENTERTAINMENT INC","Equity","0.53","64.28","3,964,277.00","254,823,725.56","254,823,725.56","Communication","B0T7YX2","US5380341090","New York Stock Exchange Inc."
"NNN","NATIONAL RETAIL PROPERTIES REIT IN","Equity","0.52","54.32","4,632,680.00","251,647,177.60","251,647,177.60","Real Estate","2211811","US6374171063","New York Stock Exchange Inc."
"TDY","TELEDYNE TECHNOLOGIES INC","Equity","0.51","237.05","1,037,908.00","246,036,091.40","246,036,091.40","Industrials","2503477","US8793601050","New York Stock Exchange Inc."
"OGE","OGE ENERGY CORP","Equity","0.51","42.82","5,725,195.00","245,152,849.90","245,152,849.90","Utilities","2657802","US6708371033","New York Stock Exchange Inc."
"WEX","WEX INC","Equity","0.49","191.04","1,235,521.00","236,033,931.84","236,033,931.84","Information Technology","B8383P2","US96208T1043","New York Stock Exchange Inc."
"STLD","STEEL DYNAMICS INC","Equity","0.49","35.80","6,579,971.00","235,562,961.80","235,562,961.80","Materials","2849472","US8581191009","NASDAQ"
"GGG","GRACO INC","Equity","0.48","48.90","4,738,195.00","231,697,735.50","231,697,735.50","Industrials","2380443","US3841091040","New York Stock Exchange Inc."
"WRB","WR BERKLEY CORP","Equity","0.48","83.96","2,750,117.00","230,899,823.32","230,899,823.32","Financials","2093644","US0844231029","New York Stock Exchange Inc."
"TYL","TYLER TECHNOLOGIES INC","Equity","0.47","207.73","1,097,646.00","228,014,003.58","228,014,003.58","Information Technology","2909644","US9022521051","New York Stock Exchange Inc."
"WST","WEST PHARMACEUTICAL SERVICES INC","Equity","0.47","106.81","2,126,495.00","227,130,930.95","227,130,930.95","Health Care","2950482","US9553061055","New York Stock Exchange Inc."
"FICO","FAIR ISAAC CORP","Equity","0.46","269.07","833,303.00","224,216,838.21","224,216,838.21","Information Technology","2330299","US3032501047","New York Stock Exchange Inc."
"RPM","RPM INTERNATIONAL INC","Equity","0.46","58.66","3,773,522.00","221,354,800.52","221,354,800.52","Materials","2756174","US7496851038","New York Stock Exchange Inc."
"KRC","KILROY REALTY REIT CORP","Equity","0.46","76.38","2,894,070.00","221,049,066.60","221,049,066.60","Real Estate","2495529","US49427F1084","New York Stock Exchange Inc."
"OHI","OMEGA HEALTHCARE INVESTORS REIT IN","Equity","0.45","37.17","5,853,921.00","217,590,243.57","217,590,243.57","Real Estate","2043274","US6819361006","New York Stock Exchange Inc."
"TECH","BIO TECHNE CORP","Equity","0.45","200.44","1,082,401.00","216,956,456.44","216,956,456.44","Health Care","BSHZ3Q0","US09073M1045","NASDAQ"
"TTC","TORO","Equity","0.43","68.93","3,042,033.00","209,687,334.69","209,687,334.69","Industrials","2897040","US8910921084","New York Stock Exchange Inc."
"EXEL","EXELIXIS INC","Equity","0.43","24.28","8,602,725.00","208,874,163.00","208,874,163.00","Health Care","2576941","US30161Q1040","NASDAQ"
"SCI","SERVICE","Equity","0.43","39.83","5,196,651.00","206,982,609.33","206,982,609.33","Consumer Discretionary","2797560","US8175651046","New York Stock Exchange Inc."
"POST","POST HOLDINGS INC","Equity","0.43","108.44","1,905,718.00","206,656,059.92","206,656,059.92","Consumer Staples","B6T0518","US7374461041","New York Stock Exchange Inc."
"CDK","CDK GLOBAL INC","Equity","0.43","57.77","3,574,639.00","206,506,895.03","206,506,895.03","Information Technology","BQXTWQ5","US12508E1010","NASDAQ"
"LPT","LIBERTY PROPERTY REIT TRUST","Equity","0.43","48.64","4,240,530.00","206,259,379.20","206,259,379.20","Real Estate","2513681","US5311721048","New York Stock Exchange Inc."
"MPW","MEDICAL PROPERTIES TRUST REIT INC","Equity","0.43","18.84","10,921,645.00","205,763,791.80","205,763,791.80","Real Estate","B0JL5L9","US58463J3041","New York Stock Exchange Inc."
"SBNY","SIGNATURE BANK","Equity","0.42","130.07","1,579,220.00","205,409,145.40","205,409,145.40","Financials","B00JQL9","US82669G1040","NASDAQ"
"EWBC","EAST WEST BANCORP INC","Equity","0.42","49.40","4,155,125.00","205,263,175.00","205,263,175.00","Financials","2487407","US27579R1041","NASDAQ"
"HRC","HILL ROM HOLDINGS INC","Equity","0.42","107.10","1,910,597.00","204,624,938.70","204,624,938.70","Health Care","2425924","US4314751029","New York Stock Exchange Inc."
"CRL","CHARLES RIVER LABORATORIES INTERNA","Equity","0.42","146.73","1,382,197.00","202,809,765.81","202,809,765.81","Health Care","2604336","US1598641074","New York Stock Exchange Inc."
"CSL","CARLISLE COMPANIES INC","Equity","0.42","123.34","1,641,666.00","202,483,084.44","202,483,084.44","Industrials","2176318","US1423391002","New York Stock Exchange Inc."
"JLL","JONES LANG LASALLE INC","Equity","0.42","154.24","1,307,685.00","201,697,334.40","201,697,334.40","Real Estate","2040640","US48020Q1076","New York Stock Exchange Inc."
"TER","TERADYNE INC","Equity","0.42","40.51","4,976,359.00","201,592,303.09","201,592,303.09","Information Technology","2884183","US8807701029","NASDAQ"
"NDSN","NORDSON CORP","Equity","0.41","133.81","1,478,594.00","197,850,663.14","197,850,663.14","Industrials","2641838","US6556631025","NASDAQ"
"OLED","UNIVERSAL DISPLAY CORP","Equity","0.41","161.62","1,215,053.00","196,376,865.86","196,376,865.86","Information Technology","2277880","US91347P1057","NASDAQ"
"LAMR","LAMAR ADVERTISING COMPANY CLAS","Equity","0.40","80.05","2,440,507.00","195,362,585.35","195,362,585.35","Real Estate","BSPHGN6","US5128161099","NASDAQ"
"ARW","ARROW ELECTRONICS INC","Equity","0.40","79.93","2,433,457.00","194,506,218.01","194,506,218.01","Information Technology","2051404","US0427351004","New York Stock Exchange Inc."
"CC","CHEMOURS","Equity","0.40","40.58","4,786,632.00","194,241,526.56","194,241,526.56","Materials","BZ0CTP8","US1638511089","New York Stock Exchange Inc."
"BRO","BROWN & BROWN INC","Equity","0.40","29.11","6,653,023.00","193,669,499.53","193,669,499.53","Financials","2692687","US1152361010","New York Stock Exchange Inc."
"SEIC","SEI INVESTMENTS","Equity","0.40","52.27","3,699,741.00","193,385,462.07","193,385,462.07","Financials","2793610","US7841171033","NASDAQ"
"MASI","MASIMO CORP","Equity","0.40","137.05","1,401,770.00","192,112,578.50","192,112,578.50","Health Care","B1YWR63","US5747951003","NASDAQ"
"ATR","APTARGROUP INC","Equity","0.39","105.54","1,803,317.00","190,322,076.18","190,322,076.18","Materials","2045247","US0383361039","New York Stock Exchange Inc."
"FIVE","FIVE BELOW INC","Equity","0.39","118.64","1,597,106.00","189,480,655.84","189,480,655.84","Consumer Discretionary","B85KFY9","US33829M1018","NASDAQ"
"AFG","AMERICAN FINANCIAL GROUP INC","Equity","0.39","95.39","1,984,087.00","189,262,058.93","189,262,058.93","Financials","2134532","US0259321042","New York Stock Exchange Inc."
"WTR","AQUA AMERICA INC","Equity","0.39","36.88","5,104,684.00","188,260,745.92","188,260,745.92","Utilities","2685234","US03836W1036","New York Stock Exchange Inc."
"DEI","DOUGLAS EMMETT REIT INC","Equity","0.39","40.53","4,633,861.00","187,810,386.33","187,810,386.33","Real Estate","B1G3M58","US25960P1093","New York Stock Exchange Inc."
"HUBB","HUBBELL INC","Equity","0.39","119.61","1,564,704.00","187,154,245.44","187,154,245.44","Industrials","BDFG6S3","US4435106079","New York Stock Exchange Inc."
"ACC","AMERICAN CAMPUS COMMUNITIES REIT I","Equity","0.38","46.87","3,924,229.00","183,928,613.23","183,928,613.23","Real Estate","B02H871","US0248351001","New York Stock Exchange Inc."
"INGR","INGREDION INC","Equity","0.38","95.72","1,910,234.00","182,847,598.48","182,847,598.48","Consumer Staples","B7K24P7","US4571871023","New York Stock Exchange Inc."
"PRAH","PRA HEALTH SCIENCES INC","Equity","0.38","108.04","1,690,023.00","182,590,084.92","182,590,084.92","Health Care","BSHZ3V5","US69354M1080","NASDAQ"
"BIO","BIO RAD LABORATORIES INC CLASS A","Equity","0.38","315.57","576,981.00","182,077,894.17","182,077,894.17","Health Care","2098508","US0905722072","New York Stock Exchange Inc."
"DCI","DONALDSON INC","Equity","0.37","49.46","3,662,487.00","181,146,607.02","181,146,607.02","Industrials","2276467","US2576511099","New York Stock Exchange Inc."
"POOL","POOL CORP","Equity","0.37","159.76","1,128,625.00","180,309,130.00","180,309,130.00","Consumer Discretionary","2781585","US73278L1052","NASDAQ"
"CTLT","CATALENT INC","Equity","0.37","43.12","4,172,650.00","179,924,668.00","179,924,668.00","Health Care","BP96PQ4","US1488061029","New York Stock Exchange Inc."
"IDTI","INTEGRATED DEVICE TECHNOLOGY INC","Equity","0.37","47.84","3,697,056.00","176,867,159.04","176,867,159.04","Information Technology","2462437","US4581181066","NASDAQ"
"CREE","CREE INC","Equity","0.36","59.44","2,957,149.00","175,772,936.56","175,772,936.56","Information Technology","2232351","US2254471012","NASDAQ"
"CFR","CULLEN FROST BANKERS INC","Equity","0.36","96.93","1,804,958.00","174,954,578.94","174,954,578.94","Financials","2239556","US2298991090","New York Stock Exchange Inc."
"RNR","RENAISSANCERE HOLDING LTD","Equity","0.36","143.91","1,209,251.00","174,023,311.41","174,023,311.41","Financials","2728429","BMG7496G1033","New York Stock Exchange Inc."
"EHC","ENCOMPASS HEALTH CORP","Equity","0.36","61.36","2,828,911.00","173,581,978.96","173,581,978.96","Health Care","BYX2YJ7","US29261A1007","New York Stock Exchange Inc."
"RS","RELIANCE STEEL & ALUMINUM","Equity","0.36","90.31","1,921,689.00","173,547,733.59","173,547,733.59","Materials","2729068","US7595091023","New York Stock Exchange Inc."
"RGLD","ROYAL GOLD INC","Equity","0.36","92.24","1,880,191.00","173,428,817.84","173,428,817.84","Materials","2755706","US7802871084","NASDAQ"
"SON","SONOCO PRODUCTS","Equity","0.36","60.27","2,862,317.00","172,511,845.59","172,511,845.59","Materials","2821395","US8354951027","New York Stock Exchange Inc."
"SABR","SABRE CORP","Equity","0.35","21.63","7,903,699.00","170,957,009.37","170,957,009.37","Information Technology","BLLHH27","US78573M1045","NASDAQ"
"DNKN","DUNKIN BRANDS GROUP INC","Equity","0.35","72.19","2,367,346.00","170,898,707.74","170,898,707.74","Consumer Discretionary","B3LHT03","US2655041000","NASDAQ"
"ORI","OLD REPUBLIC INTERNATIONAL CORP","Equity","0.35","20.79","8,158,142.00","169,607,772.18","169,607,772.18","Financials","2659109","US6802231042","New York Stock Exchange Inc."
"CBSH","COMMERCE BANCSHARES INC","Equity","0.34","58.54","2,827,743.00","165,536,075.22","165,536,075.22","Financials","2213204","US2005251036","NASDAQ"
"SNV","SYNOVUS FINANCIAL CORP","Equity","0.34","36.01","4,568,904.00","164,526,233.04","164,526,233.04","Financials","BMH4NJ8","US87161C5013","New York Stock Exchange Inc."
"EPR","EPR PROPERTIES REIT","Equity","0.34","76.44","2,145,557.00","164,006,377.08","164,006,377.08","Real Estate","B8XXZP1","US26884U1097","New York Stock Exchange Inc."
"MPWR","MONOLITHIC POWER SYSTEMS INC","Equity","0.34","145.01","1,130,913.00","163,993,694.13","163,993,694.13","Information Technology","B01Z7J1","US6098391054","NASDAQ"
"CONE","CYRUSONE REIT INC","Equity","0.34","52.47","3,100,872.00","162,702,753.84","162,702,753.84","Real Estate","B7YRLH9","US23283R1005","NASDAQ"
"CY","CYPRESS SEMICONDUCTOR CORP","Equity","0.33","15.52","10,422,441.00","161,756,284.32","161,756,284.32","Information Technology","2244549","US2328061096","NASDAQ"
"XPO","XPO LOGISTICS INC","Equity","0.33","51.48","3,127,629.00","161,010,340.92","161,010,340.92","Industrials","B6Z1355","US9837931008","New York Stock Exchange Inc."
"CIEN","CIENA CORP","Equity","0.33","38.53","4,119,818.00","158,736,587.54","158,736,587.54","Information Technology","B1FLZ21","US1717793095","New York Stock Exchange Inc."
"FAF","FIRST AMERICAN FINANCIAL CORP","Equity","0.33","49.58","3,193,501.00","158,333,779.58","158,333,779.58","Financials","B4NFPK4","US31847R1023","New York Stock Exchange Inc."
"NYCB","NEW YORK COMMUNITY BANCORP INC","Equity","0.32","11.72","13,416,656.00","157,243,208.32","157,243,208.32","Financials","2711656","US6494451031","New York Stock Exchange Inc."
"VSM","VERSUM MATERIALS INC","Equity","0.32","50.17","3,125,005.00","156,781,500.85","156,781,500.85","Information Technology","BD37KN1","US92532W1036","New York Stock Exchange Inc."
"WWD","WOODWARD INC","Equity","0.32","97.17","1,600,236.00","155,494,932.12","155,494,932.12","Industrials","2948089","US9807451037","NASDAQ"
"BRX","BRIXMOR PROPERTY GROUP REIT INC","Equity","0.32","18.07","8,550,500.00","154,507,535.00","154,507,535.00","Real Estate","BFTDJL8","US11120U1051","New York Stock Exchange Inc."
"TDC","TERADATA CORP","Equity","0.32","45.87","3,359,990.00","154,122,741.30","154,122,741.30","Information Technology","B247H10","US88076W1036","New York Stock Exchange Inc."
"UTHR","UNITED THERAPEUTICS CORP","Equity","0.32","122.99","1,252,050.00","153,989,629.50","153,989,629.50","Health Care","2430412","US91307C1027","NASDAQ"
"LECO","LINCOLN ELECTRIC HOLDINGS INC","Equity","0.32","85.01","1,811,172.00","153,967,731.72","153,967,731.72","Industrials","2516851","US5339001068","NASDAQ"
"GNTX","GENTEX CORP","Equity","0.31","20.42","7,424,276.00","151,603,715.92","151,603,715.92","Consumer Discretionary","2366799","US3719011096","NASDAQ"
"OSK","OSHKOSH CORP","Equity","0.31","75.38","2,006,025.00","151,214,164.50","151,214,164.50","Industrials","2663520","US6882392011","New York Stock Exchange Inc."
"NFG","NATIONAL FUEL GAS","Equity","0.31","60.92","2,470,747.00","150,517,907.24","150,517,907.24","Utilities","2626103","US6361801011","New York Stock Exchange Inc."
"CHE","CHEMED CORP","Equity","0.31","327.65","457,249.00","149,817,634.85","149,817,634.85","Health Care","2190084","US16359R1032","New York Stock Exchange Inc."
"WPX","WPX ENERGY INC","Equity","0.31","13.18","11,316,392.00","149,150,046.56","149,150,046.56","Energy","B40PCD9","US98212B1035","New York Stock Exchange Inc."
"PRI","PRIMERICA INC","Equity","0.31","122.02","1,219,535.00","148,807,660.70","148,807,660.70","Financials","B50K3X8","US74164M1080","New York Stock Exchange Inc."
"MAN","MANPOWER INC","Equity","0.31","85.85","1,729,103.00","148,443,492.55","148,443,492.55","Industrials","2562490","US56418H1005","New York Stock Exchange Inc."
"CZR","CAESARS ENTERTAINMENT CORP","Equity","0.31","8.89","16,693,232.00","148,402,832.48","148,402,832.48","Consumer Discretionary","B3TDL41","US1276861036","NASDAQ"
"ARRS","ARRIS INTERNATIONAL PLC","Equity","0.31","31.66","4,686,888.00","148,386,874.08","148,386,874.08","Information Technology","BZ04Y37","GB00BZ04Y379","NASDAQ"
"EQT","EQT CORP","Equity","0.31","20.26","7,295,135.00","147,799,435.10","147,799,435.10","Energy","2319414","US26884L1098","New York Stock Exchange Inc."
"ITT","ITT INC","Equity","0.30","58.67","2,501,985.00","146,791,459.95","146,791,459.95","Industrials","BZBY209","US45073V1089","New York Stock Exchange Inc."
"NATI","NATIONAL INSTRUMENTS CORP","Equity","0.30","45.43","3,226,775.00","146,592,388.25","146,592,388.25","Information Technology","2645078","US6365181022","NASDAQ"
"MUR","MURPHY OIL CORP","Equity","0.30","30.97","4,657,509.00","144,243,053.73","144,243,053.73","Energy","2611206","US6267171022","New York Stock Exchange Inc."
"WH","WYNDHAM HOTELS RESORTS INC","Equity","0.30","51.40","2,802,942.00","144,071,218.80","144,071,218.80","Consumer Discretionary","BF108P4","US98311A1051","New York Stock Exchange Inc."
"MKSI","MKS INSTRUMENTS INC","Equity","0.30","92.57","1,551,398.00","143,612,912.86","143,612,912.86","Information Technology","2404871","US55306N1046","NASDAQ"
"IDA","IDACORP INC","Equity","0.30","99.40","1,444,166.00","143,550,100.40","143,550,100.40","Utilities","2296937","US4511071064","New York Stock Exchange Inc."
"JBLU","JETBLUE AIRWAYS CORP","Equity","0.30","16.30","8,777,527.00","143,073,690.10","143,073,690.10","Industrials","2852760","US4771431016","NASDAQ"
"MDU","MDU RESOURCES GROUP INC","Equity","0.30","25.45","5,614,650.00","142,892,842.50","142,892,842.50","Utilities","2547323","US5526901096","New York Stock Exchange Inc."
"MDSO","MEDIDATA SOLUTIONS INC","Equity","0.29","80.02","1,782,856.00","142,664,137.12","142,664,137.12","Health Care","B5424Q0","US58471A1051","NASDAQ"
"CW","CURTISS WRIGHT CORP","Equity","0.29","116.29","1,225,075.00","142,463,971.75","142,463,971.75","Industrials","2241205","US2315611010","New York Stock Exchange Inc."
"ASH","ASHLAND GLOBAL INC","Equity","0.29","79.45","1,792,805.00","142,438,357.25","142,438,357.25","Materials","BYND5N1","US0441861046","New York Stock Exchange Inc."
"BMS","BEMIS INC","Equity","0.29","54.28","2,609,901.00","141,665,426.28","141,665,426.28","Materials","2090173","US0814371052","New York Stock Exchange Inc."
"AYI","ACUITY BRANDS INC","Equity","0.29","123.17","1,142,324.00","140,700,047.08","140,700,047.08","Industrials","2818461","US00508Y1029","New York Stock Exchange Inc."
"GWR","GENESEE & WYOMING INC CLASS A","Equity","0.29","87.03","1,611,505.00","140,249,280.15","140,249,280.15","Industrials","2374060","US3715591059","New York Stock Exchange Inc."
"HIW","HIGHWOODS PROPERTIES REIT INC","Equity","0.28","46.49","2,964,216.00","137,806,401.84","137,806,401.84","Real Estate","2420640","US4312841087","New York Stock Exchange Inc."
"RIG","TRANSOCEAN LTD","Equity","0.28","9.49","14,494,259.00","137,550,517.91","137,550,517.91","Energy","B3KFWW1","CH0048265513","New York Stock Exchange Inc."
"TOL","TOLL BROTHERS INC","Equity","0.28","35.74","3,840,522.00","137,260,256.28","137,260,256.28","Consumer Discretionary","2896092","US8894781033","New York Stock Exchange Inc."
"WBS","WEBSTER FINANCIAL CORP","Equity","0.28","51.94","2,642,611.00","137,257,215.34","137,257,215.34","Financials","2945143","US9478901096","New York Stock Exchange Inc."
"NYT","NEW YORK TIMES CLASS A","Equity","0.28","33.72","4,065,094.00","137,074,969.68","137,074,969.68","Communication","2632003","US6501111073","New York Stock Exchange Inc."
"LIVN","LIVANOVA PLC","Equity","0.28","98.22","1,393,640.00","136,883,320.80","136,883,320.80","Health Care","BYMT0J1","GB00BYMT0J19","NASDAQ"
"AVT","AVNET INC","Equity","0.28","44.08","3,103,696.00","136,810,919.68","136,810,919.68","Information Technology","2066505","US0538071038","NASDAQ"
"LFUS","LITTELFUSE INC","Equity","0.28","192.46","709,667.00","136,582,510.82","136,582,510.82","Information Technology","2531832","US5370081045","NASDAQ"
"WSM","WILLIAMS SONOMA INC","Equity","0.28","59.22","2,294,317.00","135,869,452.74","135,869,452.74","Consumer Discretionary","2967589","US9699041011","New York Stock Exchange Inc."
"NSP","INSPERITY INC","Equity","0.28","126.97","1,070,042.00","135,863,232.74","135,863,232.74","Industrials","2007281","US45778Q1076","New York Stock Exchange Inc."
"PII","POLARIS INDUSTRIES INC","Equity","0.28","82.68","1,640,598.00","135,644,642.64","135,644,642.64","Consumer Discretionary","2692933","US7310681025","New York Stock Exchange Inc."
"EV","EATON VANCE COM NON VOTING CORP","Equity","0.28","41.11","3,296,733.00","135,528,693.63","135,528,693.63","Financials","2301057","US2782651036","New York Stock Exchange Inc."
"OGS","ONE GAS INC","Equity","0.28","89.45","1,510,119.00","135,080,144.55","135,080,144.55","Utilities","BJ0KXV4","US68235P1084","New York Stock Exchange Inc."
"ACM","AECOM","Equity","0.28","30.08","4,479,241.00","134,735,569.28","134,735,569.28","Industrials","B1VZ431","US00766T1007","New York Stock Exchange Inc."
"CABO","CABLE ONE INC","Equity","0.28","941.83","142,033.00","133,770,940.39","133,770,940.39","Communication","BZ07DS4","US12685J1051","New York Stock Exchange Inc."
"THG","HANOVER INSURANCE GROUP INC","Equity","0.28","114.58","1,165,492.00","133,542,073.36","133,542,073.36","Financials","2020415","US4108671052","New York Stock Exchange Inc."
"CACI","CACI INTERNATIONAL INC CLASS A","Equity","0.27","185.76","714,117.00","132,654,373.92","132,654,373.92","Information Technology","2159267","US1271903049","New York Stock Exchange Inc."
"CASY","CASEYS GENERAL STORES INC","Equity","0.27","126.15","1,047,859.00","132,187,412.85","132,187,412.85","Consumer Staples","2179414","US1475281036","NASDAQ"
"PB","PROSPERITY BANCSHARES INC","Equity","0.27","69.36","1,899,677.00","131,761,596.72","131,761,596.72","Financials","2310257","US7436061052","New York Stock Exchange Inc."
"MMS","MAXIMUS INC","Equity","0.27","71.74","1,826,119.00","131,005,777.06","131,005,777.06","Information Technology","2018669","US5779331041","New York Stock Exchange Inc."
"SLM","SLM CORP","Equity","0.27","10.44","12,546,581.00","130,986,305.64","130,986,305.64","Financials","2101967","US78442P1066","NASDAQ"
"KMPR","KEMPER CORP","Equity","0.27","77.05","1,695,417.00","130,631,879.85","130,631,879.85","Financials","B52KRV2","US4884011002","New York Stock Exchange Inc."
"PACW","PACWEST BANCORP","Equity","0.27","37.66","3,458,267.00","130,238,335.22","130,238,335.22","Financials","2619772","US6952631033","NASDAQ"
"JBGS","JBG SMITH PROPERTIES","Equity","0.27","41.03","3,168,925.00","130,020,992.75","130,020,992.75","Real Estate","BD3BX01","US46590V1008","New York Stock Exchange Inc."
"BC","BRUNSWICK CORP","Equity","0.27","51.93","2,499,657.00","129,807,188.01","129,807,188.01","Consumer Discretionary","2149309","US1170431092","New York Stock Exchange Inc."
"WSO","WATSCO INC","Equity","0.27","141.12","919,838.00","129,807,538.56","129,807,538.56","Industrials","2943039","US9426222009","New York Stock Exchange Inc."
"HAE","HAEMONETICS CORP","Equity","0.27","88.14","1,464,724.00","129,100,773.36","129,100,773.36","Health Care","2401195","US4050241003","New York Stock Exchange Inc."
"HQY","HEALTHEQUITY INC","Equity","0.27","82.73","1,558,898.00","128,967,631.54","128,967,631.54","Health Care","BP8XZL1","US42226A1079","NASDAQ"
"LSI","LIFE STORAGE INC","Equity","0.27","96.08","1,339,204.00","128,670,720.32","128,670,720.32","Real Estate","BDCSFJ6","US53223X1072","New York Stock Exchange Inc."
"FHN","FIRST HORIZON NATIONAL CORP","Equity","0.26","14.07","9,109,808.00","128,174,998.56","128,174,998.56","Financials","2341484","US3205171057","New York Stock Exchange Inc."
"NGVT","INGEVITY CORP","Equity","0.26","107.19","1,195,003.00","128,092,371.57","128,092,371.57","Materials","BD4LHG4","US45688C1071","New York Stock Exchange Inc."
"FR","FIRST INDUSTRIAL REALTY TRUST INC","Equity","0.26","35.13","3,635,405.00","127,711,777.65","127,711,777.65","Real Estate","2360757","US32054K1034","New York Stock Exchange Inc."
"CRI","CARTERS INC","Equity","0.26","97.98","1,303,017.00","127,669,605.66","127,669,605.66","Consumer Discretionary","2980939","US1462291097","New York Stock Exchange Inc."
"HE","HAWAIIAN ELECTRIC INDUSTRIES INC","Equity","0.26","40.59","3,128,440.00","126,983,379.60","126,983,379.60","Utilities","2415204","US4198701009","New York Stock Exchange Inc."
"NJR","NEW JERSEY RESOURCES CORP","Equity","0.26","49.71","2,550,344.00","126,777,600.24","126,777,600.24","Utilities","2630513","US6460251068","New York Stock Exchange Inc."
"SWX","SOUTHWEST GAS HOLDINGS INC","Equity","0.26","83.11","1,524,344.00","126,688,229.84","126,688,229.84","Utilities","2831888","US8448951025","New York Stock Exchange Inc."
"AGCO","AGCO CORP","Equity","0.26","68.63","1,845,599.00","126,663,459.37","126,663,459.37","Industrials","2010278","US0010841023","New York Stock Exchange Inc."
"VSAT","VIASAT INC","Equity","0.26","77.01","1,632,688.00","125,733,302.88","125,733,302.88","Information Technology","2946243","US92552V1008","NASDAQ"
"LSTR","LANDSTAR SYSTEM INC","Equity","0.26","108.50","1,152,126.00","125,005,671.00","125,005,671.00","Industrials","2503994","US5150981018","NASDAQ"
"CR","CRANE","Equity","0.26","85.59","1,458,929.00","124,869,733.11","124,869,733.11","Industrials","2231897","US2243991054","New York Stock Exchange Inc."
"NVT","NVENT ELECTRIC PLC","Equity","0.26","26.94","4,631,367.00","124,769,026.98","124,769,026.98","Industrials","BDVJJQ5","IE00BDVJJQ56","New York Stock Exchange Inc."
"SKX","SKECHERS USA INC CLASS A","Equity","0.26","32.49","3,834,191.00","124,572,865.59","124,572,865.59","Consumer Discretionary","2428042","US8305661055","New York Stock Exchange Inc."
"HPT","HOSPITALITY PROPERTIES TRUST REIT","Equity","0.26","26.23","4,724,271.00","123,917,628.33","123,917,628.33","Real Estate","2438966","US44106M1027","NASDAQ"
"SRCL","STERICYCLE INC","Equity","0.25","50.15","2,448,017.00","122,768,052.55","122,768,052.55","Industrials","2860826","US8589121081","NASDAQ"
"DECK","DECKERS OUTDOOR CORP","Equity","0.25","146.21","836,373.00","122,286,096.33","122,286,096.33","Consumer Discretionary","2267278","US2435371073","New York Stock Exchange Inc."
"CNK","CINEMARK HOLDINGS INC","Equity","0.25","39.88","3,053,207.00","121,761,895.16","121,761,895.16","Communication","B1W7RQ0","US17243V1026","New York Stock Exchange Inc."
"GT","GOODYEAR TIRE & RUBBER","Equity","0.25","18.23","6,670,820.00","121,609,048.60","121,609,048.60","Consumer Discretionary","2378200","US3825501014","NASDAQ"
"ALE","ALLETE INC","Equity","0.25","82.34","1,476,693.00","121,590,901.62","121,590,901.62","Utilities","B02R1L6","US0185223007","New York Stock Exchange Inc."
"RAMP","LIVERAMP HOLDINGS INC","Equity","0.25","62.04","1,959,168.00","121,546,782.72","121,546,782.72","Information Technology","BGLN838","US53815P1084","New York Stock Exchange Inc."
"CUZ","COUSINS PROPERTIES REIT INC","Equity","0.25","10.04","12,066,307.00","121,145,722.28","121,145,722.28","Real Estate","2229922","US2227951066","New York Stock Exchange Inc."
"PEB","PEBBLEBROOK HOTEL TRUST REIT TRUST","Equity","0.25","32.07","3,747,414.00","120,179,566.98","120,179,566.98","Real Estate","B4XBDV9","US70509V1008","New York Stock Exchange Inc."
"ETRN","EQUITRANS MIDSTREAM CORP","Equity","0.25","20.53","5,840,083.00","119,896,903.99","119,896,903.99","Energy","BFMWBV6","US2946001011","New York Stock Exchange Inc."
"OLLI","OLLIES BARGAIN OUTLET HOLDINGS INC","Equity","0.25","80.70","1,481,345.00","119,544,541.50","119,544,541.50","Consumer Discretionary","BZ22B38","US6811161099","NASDAQ"
"FSLR","FIRST SOLAR INC","Equity","0.25","54.81","2,164,865.00","118,656,250.65","118,656,250.65","Information Technology","B1HMF22","US3364331070","NASDAQ"
"SR","SPIRE INC","Equity","0.24","81.50","1,452,662.00","118,391,953.00","118,391,953.00","Utilities","BYXJQG9","US84857L1017","New York Stock Exchange Inc."
"KEX","KIRBY CORP","Equity","0.24","76.44","1,548,141.00","118,339,898.04","118,339,898.04","Industrials","2493534","US4972661064","New York Stock Exchange Inc."
"EME","EMCOR GROUP INC","Equity","0.24","73.58","1,607,724.00","118,296,331.92","118,296,331.92","Industrials","2474164","US29084Q1004","New York Stock Exchange Inc."
"LOGM","LOGMEIN INC","Equity","0.24","80.78","1,460,562.00","117,984,198.36","117,984,198.36","Information Technology","B600J15","US54142L1098","NASDAQ"
"JHG","JANUS HENDERSON GROUP PLC","Equity","0.24","24.87","4,737,161.00","117,813,194.07","117,813,194.07","Financials","BYPZJQ6","JE00BYPZJM29","New York Stock Exchange Inc."
"TXRH","TEXAS ROADHOUSE INC","Equity","0.24","60.99","1,913,957.00","116,732,237.43","116,732,237.43","Consumer Discretionary","B033TJ7","US8826811098","NASDAQ"
"IART","INTEGRA LIFESCIENCES HOLDINGS CORP","Equity","0.24","57.33","2,029,391.00","116,344,986.03","116,344,986.03","Health Care","2248693","US4579852082","NASDAQ"
"STL","STERLING BAN","Equity","0.24","18.98","6,107,904.00","115,928,017.92","115,928,017.92","Financials","BFNXVB8","US85917A1007","New York Stock Exchange Inc."
"HR","HEALTHCARE REALTY TRUST REIT INC","Equity","0.24","32.20","3,597,006.00","115,823,593.20","115,823,593.20","Real Estate","2417921","US4219461047","New York Stock Exchange Inc."
"WWE","WORLD WRESTLING ENTERTAINMENT INC","Equity","0.24","92.12","1,255,514.00","115,657,949.68","115,657,949.68","Communication","2503529","US98156Q1085","New York Stock Exchange Inc."
"KNX","KNIGHT-SWIFT TRANSPORTATION HOLDIN","Equity","0.24","32.23","3,576,945.00","115,284,937.35","115,284,937.35","Industrials","BF0LKD0","US4990491049","New York Stock Exchange Inc."
"JCOM","J2 GLOBAL INC","Equity","0.24","86.66","1,329,598.00","115,222,962.68","115,222,962.68","Information Technology","B75DGJ3","US48123V1026","NASDAQ"
"PNFP","PINNACLE FINANCIAL PARTNERS INC","Equity","0.24","54.92","2,093,781.00","114,990,452.52","114,990,452.52","Financials","2675097","US72346Q1040","NASDAQ"
"SNX","SYNNEX CORP","Equity","0.24","96.47","1,189,099.00","114,712,380.53","114,712,380.53","Information Technology","2002554","US87162W1009","New York Stock Exchange Inc."
"PBF","PBF ENERGY INC CLASS A","Equity","0.24","33.28","3,442,726.00","114,573,921.28","114,573,921.28","Energy","B7F4TJ7","US69318G1067","New York Stock Exchange Inc."
"LITE","LUMENTUM HOLDINGS INC","Equity","0.24","52.10","2,184,570.00","113,816,097.00","113,816,097.00","Information Technology","BYM9ZP2","US55024U1097","NASDAQ"
"WYND","WYNDHAM DESTINATIONS INC","Equity","0.23","41.66","2,711,658.00","112,967,672.28","112,967,672.28","Consumer Discretionary","B198391","US98310W1080","New York Stock Exchange Inc."
"COR","CORESITE REALTY REIT CORP","Equity","0.23","107.14","1,054,059.00","112,931,881.26","112,931,881.26","Real Estate","B3T3VV8","US21870Q1058","New York Stock Exchange Inc."
"BLKB","BLACKBAUD INC","Equity","0.23","80.76","1,395,269.00","112,681,924.44","112,681,924.44","Information Technology","2458878","US09227Q1004","NASDAQ"
"ICUI","ICU MEDICAL INC","Equity","0.23","236.29","476,487.00","112,589,113.23","112,589,113.23","Health Care","2451918","US44930G1076","NASDAQ"
"BKH","BLACK HILLS CORP","Equity","0.23","72.65","1,548,975.00","112,533,033.75","112,533,033.75","Utilities","2101741","US0921131092","New York Stock Exchange Inc."
"TECD","TECH DATA CORP","Equity","0.23","104.70","1,070,853.00","112,118,309.10","112,118,309.10","Information Technology","2879532","US8782371061","NASDAQ"
"RYN","RAYONIER REIT INC","Equity","0.23","30.02","3,717,483.00","111,598,839.66","111,598,839.66","Real Estate","2473138","US7549071030","New York Stock Exchange Inc."
"JBL","JABIL INC","Equity","0.23","27.57","4,040,651.00","111,400,748.07","111,400,748.07","Information Technology","2471789","US4663131039","New York Stock Exchange Inc."
"OLN","OLIN CORP","Equity","0.23","23.49","4,737,088.00","111,274,197.12","111,274,197.12","Materials","2658526","US6806652052","New York Stock Exchange Inc."
"IBKR","INTERACTIVE BROKERS GROUP INC CLAS","Equity","0.23","51.54","2,155,433.00","111,091,016.82","111,091,016.82","Financials","B1WT4X2","US45841N1072","IEX"
"BCO","BRINKS","Equity","0.23","77.96","1,424,888.00","111,084,268.48","111,084,268.48","Industrials","2691305","US1096961040","New York Stock Exchange Inc."
"ACIW","ACI WORLDWIDE INC","Equity","0.23","33.33","3,327,209.00","110,895,875.97","110,895,875.97","Information Technology","2889155","US0044981019","NASDAQ"
"SF","STIFEL FINANCIAL CORP","Equity","0.23","53.62","2,065,018.00","110,726,265.16","110,726,265.16","Financials","2849234","US8606301021","New York Stock Exchange Inc."
"WTFC","WINTRUST FINANCIAL CORP","Equity","0.23","67.57","1,619,314.00","109,417,046.98","109,417,046.98","Financials","2425258","US97650W1080","NASDAQ"
"NEU","NEWMARKET CORP","Equity","0.23","437.00","250,328.00","109,393,336.00","109,393,336.00","Materials","B01CGF1","US6515871076","New York Stock Exchange Inc."
"VAC","MARRIOTT VACATIONS WORLDWIDE CORP","Equity","0.23","96.57","1,128,839.00","109,011,982.23","109,011,982.23","Consumer Discretionary","B45K9N8","US57164Y1073","New York Stock Exchange Inc."
"CBRL","CRACKER BARREL OLD COUNTRY STORE I","Equity","0.22","157.46","689,833.00","108,621,104.18","108,621,104.18","Consumer Discretionary","2231091","US22410J1060","NASDAQ"
"FLO","FLOWERS FOODS INC","Equity","0.22","20.52","5,267,551.00","108,090,146.52","108,090,146.52","Consumer Staples","2744243","US3434981011","New York Stock Exchange Inc."
"EVR","EVERCORE INC CLASS A","Equity","0.22","91.77","1,176,527.00","107,969,882.79","107,969,882.79","Financials","B1BHXZ2","US29977A1051","New York Stock Exchange Inc."
"PNM","PNM RESOURCES INC","Equity","0.22","47.06","2,286,972.00","107,624,902.32","107,624,902.32","Utilities","2707826","US69349H1077","New York Stock Exchange Inc."
"MSM","MSC INDUSTRIAL INC CLASS A","Equity","0.22","82.61","1,297,037.00","107,148,226.57","107,148,226.57","Industrials","2567655","US5535301064","New York Stock Exchange Inc."
"FFIN","FIRST FINANCIAL BANKSHARES INC","Equity","0.22","54.89","1,942,403.00","106,618,500.67","106,618,500.67","Financials","2266026","US32020R1095","NASDAQ"
"SAIC","SCIENCE APPLICATIONS INTERNATIONAL","Equity","0.22","72.81","1,460,079.00","106,308,351.99","106,308,351.99","Information Technology","BDTZZG7","US8086251076","New York Stock Exchange Inc."
"GMED","GLOBUS MEDICAL INC CLASS A","Equity","0.22","48.62","2,180,000.00","105,991,600.00","105,991,600.00","Health Care","B7D65M0","US3795772082","New York Stock Exchange Inc."
"UBSI","UNITED BANKSHARES INC","Equity","0.22","36.08","2,933,360.00","105,835,628.80","105,835,628.80","Financials","2905794","US9099071071","NASDAQ"
"AMED","AMEDISYS INC","Equity","0.22","126.29","835,822.00","105,555,960.38","105,555,960.38","Health Care","2024332","US0234361089","NASDAQ"
"MANH","MANHATTAN ASSOCIATES INC","Equity","0.22","56.41","1,867,913.00","105,368,972.33","105,368,972.33","Information Technology","2239471","US5627501092","NASDAQ"
"UMPQ","UMPQUA HOLDINGS CORP","Equity","0.22","16.53","6,322,247.00","104,506,742.91","104,506,742.91","Financials","2484389","US9042141039","NASDAQ"
"CLH","CLEAN HARBORS INC","Equity","0.22","71.49","1,460,248.00","104,393,129.52","104,393,129.52","Industrials","2202473","US1844961078","New York Stock Exchange Inc."
"SLAB","SILICON LABORATORIES INC","Equity","0.21","84.05","1,237,909.00","104,046,251.45","104,046,251.45","Information Technology","2568131","US8269191024","NASDAQ"
"FNB","FNB CORP","Equity","0.21","11.08","9,316,357.00","103,225,235.56","103,225,235.56","Financials","2041308","US3025201019","New York Stock Exchange Inc."
"RBC","REGAL BELOIT CORP","Equity","0.21","83.69","1,229,259.00","102,876,685.71","102,876,685.71","Industrials","2730082","US7587501039","New York Stock Exchange Inc."
"ASB","ASSOCIATED BANCORP","Equity","0.21","21.74","4,721,317.00","102,641,431.58","102,641,431.58","Financials","2055718","US0454871056","New York Stock Exchange Inc."
"MSA","MSA SAFETY INC","Equity","0.21","101.98","1,003,939.00","102,381,699.22","102,381,699.22","Industrials","BKM4S16","US5534981064","New York Stock Exchange Inc."
"OZK","BANK OZK","Equity","0.21","29.40","3,472,920.00","102,103,848.00","102,103,848.00","Financials","BZ56Q65","US06417N1037","NASDAQ"
"NWE","NORTHWESTERN CORP","Equity","0.21","70.44","1,442,591.00","101,616,110.04","101,616,110.04","Utilities","B03PGL4","US6680743050","New York Stock Exchange Inc."
"X","US STEEL CORP","Equity","0.21","20.30","4,973,022.00","100,952,346.60","100,952,346.60","Materials","2824770","US9129091081","New York Stock Exchange Inc."
"THS","TREEHOUSE FOODS INC","Equity","0.21","62.41","1,606,736.00","100,276,393.76","100,276,393.76","Consumer Staples","B095X84","US89469A1043","New York Stock Exchange Inc."
"SIX","SIX FLAGS ENTERTAINMENT CORP","Equity","0.21","48.79","2,051,513.00","100,093,319.27","100,093,319.27","Consumer Discretionary","B43VKB8","US83001A1025","New York Stock Exchange Inc."
"COHR","COHERENT INC","Equity","0.21","143.26","698,406.00","100,053,643.56","100,053,643.56","Information Technology","2208374","US1924791031","NASDAQ"
"VVV","VALVOLINE INC","Equity","0.21","18.49","5,393,590.00","99,727,479.10","99,727,479.10","Materials","BDG22J3","US92047W1018","New York Stock Exchange Inc."
"CVET","COVETRUS INC","Equity","0.20","36.06","2,738,263.00","98,741,763.78","98,741,763.78","Health Care","BHZSB82","US22304C1009","NASDAQ"
"AAN","AARONS INC","Equity","0.20","51.13","1,927,936.00","98,575,367.68","98,575,367.68","Consumer Discretionary","2002918","US0025353006","New York Stock Exchange Inc."
"ASGN","ASGN INC","Equity","0.20","64.94","1,511,787.00","98,175,447.78","98,175,447.78","Industrials","BFY8W20","US00191U1025","New York Stock Exchange Inc."
"AEO","AMERICAN EAGLE OUTFITTERS INC","Equity","0.20","20.33","4,815,297.00","97,894,988.01","97,894,988.01","Consumer Discretionary","2048592","US02553E1064","New York Stock Exchange Inc."
"EXP","EAGLE MATERIALS INC","Equity","0.20","74.30","1,316,505.00","97,816,321.50","97,816,321.50","Materials","2191399","US26969P1084","New York Stock Exchange Inc."
"CHK","CHESAPEAKE ENERGY CORP","Equity","0.20","3.25","30,010,831.00","97,535,200.75","97,535,200.75","Energy","2182779","US1651671075","New York Stock Exchange Inc."
"WRI","WEINGARTEN REALTY INVESTORS REIT","Equity","0.20","28.29","3,438,793.00","97,283,453.97","97,283,453.97","Real Estate","2946618","US9487411038","New York Stock Exchange Inc."
"SBRA","SABRA HEALTH CARE REIT INC","Equity","0.20","19.01","5,111,534.00","97,170,261.34","97,170,261.34","Real Estate","B5NLBP6","US78573L1061","NASDAQ"
"NCR","NCR CORP","Equity","0.20","28.45","3,411,915.00","97,068,981.75","97,068,981.75","Information Technology","2632650","US62886E1082","New York Stock Exchange Inc."
"TCF","TCF FINANCIAL CORP","Equity","0.20","20.45","4,705,442.00","96,226,288.90","96,226,288.90","Financials","2868455","US8722751026","New York Stock Exchange Inc."
"APY","APERGY CORP","Equity","0.20","42.80","2,219,291.00","94,985,654.80","94,985,654.80","Energy","BFXZQZ3","US03755L1044","New York Stock Exchange Inc."
"LPX","LOUISIANA PACIFIC CORP","Equity","0.20","24.44","3,883,492.00","94,912,544.48","94,912,544.48","Materials","2535243","US5463471053","New York Stock Exchange Inc."
"ATI","ALLEGHENY TECHNOLOGIES INC","Equity","0.20","26.15","3,610,025.00","94,402,153.75","94,402,153.75","Materials","2526117","US01741R1023","New York Stock Exchange Inc."
"VLY","VALLEY NATIONAL","Equity","0.19","9.86","9,511,733.00","93,785,687.38","93,785,687.38","Financials","2935326","US9197941076","NASDAQ"
"ERI","ELDORADO RESORTS INC","Equity","0.19","50.07","1,864,845.00","93,372,789.15","93,372,789.15","Consumer Discretionary","BQXTNW8","US28470R1023","NASDAQ"
"THO","THOR INDUSTRIES INC","Equity","0.19","61.49","1,500,370.00","92,257,751.30","92,257,751.30","Consumer Discretionary","2889876","US8851601018","New York Stock Exchange Inc."
"BOH","BANK OF HAWAII CORP.","Equity","0.19","77.85","1,182,171.00","92,032,012.35","92,032,012.35","Financials","2074070","US0625401098","New York Stock Exchange Inc."
"TCO","TAUBMAN CENTERS REIT INC","Equity","0.19","52.59","1,749,463.00","92,004,259.17","92,004,259.17","Real Estate","2872252","US8766641034","New York Stock Exchange Inc."
"R","RYDER SYSTEM INC","Equity","0.19","60.14","1,524,230.00","91,667,192.20","91,667,192.20","Industrials","2760669","US7835491082","New York Stock Exchange Inc."
"SYNH","SYNEOS HEALTH INC CLASS A","Equity","0.19","52.13","1,744,070.00","90,918,369.10","90,918,369.10","Health Care","BFMZ4V6","US87166B1026","NASDAQ"
"CLB","CORE LABORATORIES NV","Equity","0.19","71.41","1,272,763.00","90,888,005.83","90,888,005.83","Energy","2182531","NL0000200384","New York Stock Exchange Inc."
"UFS","DOMTAR CORP","Equity","0.19","49.97","1,804,649.00","90,178,310.53","90,178,310.53","Materials","B1T84Z4","US2575592033","New York Stock Exchange Inc."
"PTEN","PATTERSON UTI ENERGY INC","Equity","0.19","14.67","6,133,709.00","89,981,511.03","89,981,511.03","Energy","2672537","US7034811015","NASDAQ"
"SMG","SCOTTS MIRACLE GRO","Equity","0.18","78.80","1,125,058.00","88,654,570.40","88,654,570.40","Materials","2781518","US8101861065","New York Stock Exchange Inc."
"CHDN","CHURCHILL DOWNS INC","Equity","0.18","86.50","1,016,155.00","87,897,407.50","87,897,407.50","Consumer Discretionary","2194105","US1714841087","NASDAQ"
"TRN","TRINITY INDUSTRIES INC","Equity","0.18","22.96","3,828,229.00","87,896,137.84","87,896,137.84","Industrials","2904627","US8965221091","New York Stock Exchange Inc."
"KMT","KENNAMETAL INC","Equity","0.18","37.10","2,363,767.00","87,695,755.70","87,695,755.70","Industrials","2488121","US4891701009","New York Stock Exchange Inc."
"TGNA","TEGNA INC","Equity","0.18","14.12","6,192,441.00","87,437,266.92","87,437,266.92","Communication","BZ0P3Z5","US87901J1051","New York Stock Exchange Inc."
"LANC","LANCASTER COLONY CORP","Equity","0.18","155.94","559,270.00","87,212,563.80","87,212,563.80","Consumer Staples","2503206","US5138471033","NASDAQ"
"OI","OWENS ILLINOIS INC","Equity","0.18","19.79","4,404,289.00","87,160,879.31","87,160,879.31","Materials","2662862","US6907684038","New York Stock Exchange Inc."
"OFC","CORPORATE OFFICE PROPERTIES TRUST","Equity","0.18","27.51","3,160,631.00","86,948,958.81","86,948,958.81","Real Estate","2756152","US22002T1088","New York Stock Exchange Inc."
"TKR","TIMKEN","Equity","0.18","44.48","1,954,665.00","86,943,499.20","86,943,499.20","Industrials","2892807","US8873891043","New York Stock Exchange Inc."
"WEN","WENDYS","Equity","0.18","16.66","5,213,542.00","86,857,609.72","86,857,609.72","Consumer Discretionary","B3NXMJ9","US95058W1009","NASDAQ"
"PRSP","PERSPECTA INC","Equity","0.18","21.21","4,040,293.00","85,694,614.53","85,694,614.53","Information Technology","BZ5YFM8","US7153471005","New York Stock Exchange Inc."
"TDS","TELEPHONE AND DATA SYSTEMS INC","Equity","0.18","31.88","2,687,420.00","85,674,949.60","85,674,949.60","Communication","B6YR5K3","US8794338298","New York Stock Exchange Inc."
"GDOT","GREEN DOT CORP CLASS A","Equity","0.18","62.00","1,368,694.00","84,859,028.00","84,859,028.00","Financials","B3WNNP3","US39304D1028","New York Stock Exchange Inc."
"MTZ","MASTEC INC","Equity","0.17","47.77","1,765,178.00","84,322,553.06","84,322,553.06","Industrials","2155306","US5763231090","New York Stock Exchange Inc."
"HELE","HELEN OF TROY LTD","Equity","0.17","114.87","733,633.00","84,272,422.71","84,272,422.71","Consumer Discretionary","2419530","BMG4388N1065","NASDAQ"
"NUVA","NUVASIVE INC","Equity","0.17","56.68","1,483,833.00","84,103,654.44","84,103,654.44","Health Care","B00GJC2","US6707041058","NASDAQ"
"VMI","VALMONT INDS INC","Equity","0.17","133.09","630,376.00","83,896,741.84","83,896,741.84","Industrials","2926825","US9202531011","New York Stock Exchange Inc."
"CLGX","CORELOGIC INC","Equity","0.17","36.33","2,300,975.00","83,594,421.75","83,594,421.75","Information Technology","B5541Y2","US21871D1037","New York Stock Exchange Inc."
"GHC","GRAHAM HOLDINGS COMPANY CLASS B","Equity","0.17","667.42","124,831.00","83,314,706.02","83,314,706.02","Consumer Discretionary","BGM1B98","US3846371041","New York Stock Exchange Inc."
"CHFC","CHEMICAL FINANCIAL CORP","Equity","0.17","40.60","2,048,801.00","83,181,320.60","83,181,320.60","Financials","2190277","US1637311028","NASDAQ"
"ENS","ENERSYS","Equity","0.17","67.32","1,233,880.00","83,064,801.60","83,064,801.60","Industrials","B020GQ5","US29275Y1029","New York Stock Exchange Inc."
"NUS","NU SKIN ENTERPRISES INC CLASS A","Equity","0.17","51.87","1,590,471.00","82,497,730.77","82,497,730.77","Consumer Staples","2616870","US67018T1051","New York Stock Exchange Inc."
"SNH","SENIOR HOUSING PROPERTIES TRUST RE","Equity","0.17","12.01","6,807,971.00","81,763,731.71","81,763,731.71","Real Estate","2501631","US81721M1099","NASDAQ"
"GATX","GATX CORP","Equity","0.17","77.85","1,048,814.00","81,650,169.90","81,650,169.90","Industrials","2362128","US3614481030","New York Stock Exchange Inc."
"UMBF","UMB FINANCIAL CORP","Equity","0.17","63.98","1,265,471.00","80,964,834.58","80,964,834.58","Financials","2918510","US9027881088","NASDAQ"
"SXT","SENSIENT TECHNOLOGIES CORP","Equity","0.17","66.36","1,212,864.00","80,485,655.04","80,485,655.04","Materials","2923741","US81725T1007","New York Stock Exchange Inc."
"SFM","SPROUTS FARMERS MARKET INC","Equity","0.17","22.51","3,556,471.00","80,056,162.21","80,056,162.21","Consumer Staples","BCGCR79","US85208M1027","NASDAQ"
"FII","FEDERATED INVESTORS INC CLASS B","Equity","0.17","29.14","2,746,781.00","80,041,198.34","80,041,198.34","Financials","2246288","US3142111034","New York Stock Exchange Inc."
"CFX","COLFAX CORP","Equity","0.16","29.23","2,723,023.00","79,593,962.29","79,593,962.29","Industrials","B2RB4W9","US1940141062","New York Stock Exchange Inc."
"TCBI","TEXAS CAPITAL BANCSHARES INC","Equity","0.16","55.13","1,439,413.00","79,354,838.69","79,354,838.69","Financials","2977209","US88224Q1076","NASDAQ"
"ACHC","ACADIA HEALTHCARE COMPANY INC","Equity","0.16","31.22","2,540,929.00","79,327,803.38","79,327,803.38","Health Care","B65VZ37","US00404A1097","NASDAQ"
"ATGE","ADTALEM GLOBAL EDUCATION INC","Equity","0.16","47.90","1,655,718.00","79,308,892.20","79,308,892.20","Consumer Discretionary","BZ12TX5","US00737L1035","New York Stock Exchange Inc."
"HOMB","HOME BANCSHARES INC","Equity","0.16","17.50","4,448,213.00","77,843,727.50","77,843,727.50","Financials","B17MTL9","US4368932004","NASDAQ"
"KBR","KBR INC","Equity","0.16","19.15","4,035,193.00","77,273,945.95","77,273,945.95","Industrials","B1HHB18","US48242W1062","New York Stock Exchange Inc."
"MD","MEDNAX INC","Equity","0.16","30.62","2,519,106.00","77,135,025.72","77,135,025.72","Health Care","2677640","US58502B1061","New York Stock Exchange Inc."
"FULT","FULTON FINANCIAL CORP","Equity","0.16","15.79","4,867,468.00","76,857,319.72","76,857,319.72","Financials","2356585","US3602711000","NASDAQ"
"VSH","VISHAY INTERTECHNOLOGY INC","Equity","0.16","20.20","3,791,281.00","76,583,876.20","76,583,876.20","Information Technology","2930149","US9282981086","New York Stock Exchange Inc."
"TPX","TEMPUR SEALY INTERNATIONAL INC","Equity","0.16","57.58","1,319,113.00","75,954,526.54","75,954,526.54","Consumer Discretionary","2216991","US88023U1016","New York Stock Exchange Inc."
"YELP","YELP INC","Equity","0.16","34.89","2,167,989.00","75,641,136.21","75,641,136.21","Communication","B7KCD72","US9858171054","New York Stock Exchange Inc."
"LGND","LIGAND PHARMACEUTICALS INC","Equity","0.16","129.17","585,516.00","75,631,101.72","75,631,101.72","Health Care","2501578","US53220K5048","NASDAQ"
"CNO","CNO FINANCIAL GROUP INC","Equity","0.16","16.37","4,604,301.00","75,372,407.37","75,372,407.37","Financials","2657750","US12621E1038","New York Stock Exchange Inc."
"NAVI","NAVIENT CORP","Equity","0.16","12.04","6,233,083.00","75,046,319.32","75,046,319.32","Financials","BLP5GX1","US63938C1080","NASDAQ"
"DAN","DANA INCORPORATED INC","Equity","0.15","18.07","4,118,812.00","74,426,932.84","74,426,932.84","Consumer Discretionary","B2PFJR3","US2358252052","New York Stock Exchange Inc."
"DKS","DICKS SPORTING INC","Equity","0.15","35.25","2,110,797.00","74,405,594.25","74,405,594.25","Consumer Discretionary","2969637","US2533931026","New York Stock Exchange Inc."
"BXS","BANCORPSOUTH","Equity","0.15","28.64","2,595,042.00","74,322,002.88","74,322,002.88","Financials","BF3BNF0","US05971J1025","New York Stock Exchange Inc."
"SAM","BOSTON BEER INC CLASS A","Equity","0.15","297.16","249,406.00","74,113,486.96","74,113,486.96","Consumer Staples","2113393","US1005571070","New York Stock Exchange Inc."
"CATY","CATHAY GENERAL BANCORP","Equity","0.15","33.66","2,197,112.00","73,954,789.92","73,954,789.92","Financials","2264235","US1491501045","NASDAQ"
"CBT","CABOT CORP","Equity","0.15","43.21","1,709,960.00","73,887,371.60","73,887,371.60","Materials","2162500","US1270551013","New York Stock Exchange Inc."
"CVLT","COMMVAULT SYSTEMS INC","Equity","0.15","66.69","1,107,604.00","73,866,110.76","73,866,110.76","Information Technology","B142B38","US2041661024","NASDAQ"
"AMCX","AMC NETWORKS CLASS A INC","Equity","0.15","57.47","1,285,052.00","73,851,938.44","73,851,938.44","Communication","B4MG4Z6","US00164V1035","NASDAQ"
"CRUS","CIRRUS LOGIC INC","Equity","0.15","43.23","1,699,101.00","73,452,136.23","73,452,136.23","Information Technology","2197308","US1727551004","NASDAQ"
"SWN","SOUTHWESTERN ENERGY","Equity","0.15","4.71","15,540,755.00","73,196,956.05","73,196,956.05","Energy","2828619","US8454671095","New York Stock Exchange Inc."
"THC","TENET HEALTHCARE CORP","Equity","0.15","30.56","2,391,171.00","73,074,185.76","73,074,185.76","Health Care","B8DMK08","US88033G4073","New York Stock Exchange Inc."
"TREE","LENDINGTREE INC","Equity","0.15","341.44","213,129.00","72,770,765.76","72,770,765.76","Financials","BV8TD84","US52603B1070","NASDAQ"
"PCH","POTLATCHDELTIC CORP","Equity","0.15","37.42","1,943,403.00","72,722,140.26","72,722,140.26","Real Estate","B0XXJN1","US7376301039","NASDAQ"
"REZI","RESIDEO TECHNOLOGIES INC","Equity","0.15","20.38","3,532,561.00","71,993,593.18","71,993,593.18","Industrials","BFD1TJ6","US76118Y1047","New York Stock Exchange Inc."
"SAFM","SANDERSON FARMS INC","Equity","0.15","127.56","558,285.00","71,214,834.60","71,214,834.60","Consumer Staples","2774336","US8000131040","NASDAQ"
"MUSA","MURPHY USA INC","Equity","0.15","82.18","861,992.00","70,838,502.56","70,838,502.56","Consumer Discretionary","BCZWJ63","US6267551025","New York Stock Exchange Inc."
"CMD","CANTEL MEDICAL CORP","Equity","0.15","68.06","1,039,561.00","70,752,521.66","70,752,521.66","Health Care","2188153","US1380981084","New York Stock Exchange Inc."
"LM","LEGG MASON INC","Equity","0.14","28.04","2,449,582.00","68,686,279.28","68,686,279.28","Financials","2510615","US5249011058","New York Stock Exchange Inc."
"RRC","RANGE RESOURCES CORP","Equity","0.14","11.47","5,956,178.00","68,317,361.66","68,317,361.66","Energy","2523334","US75281A1097","New York Stock Exchange Inc."
"HCSG","HEALTHCARE SERVICES INC","Equity","0.14","32.19","2,109,477.00","67,904,064.63","67,904,064.63","Industrials","2417619","US4219061086","NASDAQ"
"POL","POLYONE CORP","Equity","0.14","30.47","2,224,729.00","67,787,492.63","67,787,492.63","Materials","2624561","US73179P1066","New York Stock Exchange Inc."
"WAFD","WASHINGTON FEDERAL INC","Equity","0.14","29.02","2,320,884.00","67,352,053.68","67,352,053.68","Financials","2941981","US9388241096","NASDAQ"
"GEO","GEO GROUP REIT INC","Equity","0.14","19.32","3,468,238.00","67,006,358.16","67,006,358.16","Real Estate","BNLYWQ1","US36162J1060","New York Stock Exchange Inc."
"EPC","EDGEWELL PERSONAL CARE","Equity","0.14","43.18","1,547,276.00","66,811,377.68","66,811,377.68","Consumer Staples","BX8ZSB4","US28035Q1022","New York Stock Exchange Inc."
"CXW","CORECIVIC REIT INC","Equity","0.14","19.49","3,411,886.00","66,497,658.14","66,497,658.14","Real Estate","BZ8VC58","US21871N1019","New York Stock Exchange Inc."
"MDP","MEREDITH CORP","Equity","0.14","57.35","1,147,090.00","65,785,611.50","65,785,611.50","Communication","2578516","US5894331017","New York Stock Exchange Inc."
"BDC","BELDEN INC","Equity","0.13","57.70","1,127,396.00","65,050,749.20","65,050,749.20","Information Technology","B01WL78","US0774541066","New York Stock Exchange Inc."
"SLGN","SILGAN HOLDINGS INC","Equity","0.13","29.31","2,218,834.00","65,034,024.54","65,034,024.54","Materials","2809324","US8270481091","NASDAQ"
"CAR","AVIS BUDGET GROUP INC","Equity","0.13","35.47","1,820,959.00","64,589,415.73","64,589,415.73","Industrials","B1CL8J2","US0537741052","NASDAQ"
"BYD","BOYD GAMING CORP","Equity","0.13","27.92","2,295,517.00","64,090,834.64","64,090,834.64","Consumer Discretionary","2117232","US1033041013","New York Stock Exchange Inc."
"PENN","PENN NATIONAL GAMING INC","Equity","0.13","21.04","3,043,447.00","64,034,124.88","64,034,124.88","Consumer Discretionary","2682105","US7075691094","NASDAQ"
"CRS","CARPENTER TECHNOLOGY CORP","Equity","0.13","45.83","1,360,956.00","62,372,613.48","62,372,613.48","Materials","2177504","US1442851036","New York Stock Exchange Inc."
"CNX","CNX RESOURCES CORP","Equity","0.13","10.93","5,672,250.00","61,997,692.50","61,997,692.50","Energy","BF3FTF4","US12653C1080","New York Stock Exchange Inc."
"IDCC","INTERDIGITAL INC","Equity","0.13","66.39","933,040.00","61,944,525.60","61,944,525.60","Information Technology","2465737","US45867G1013","NASDAQ"
"UE","URBAN EDGE PROPERTIES","Equity","0.13","18.78","3,285,689.00","61,705,239.42","61,705,239.42","Real Estate","BTPSGQ9","US91704F1049","New York Stock Exchange Inc."
"TRMK","TRUSTMARK CORP","Equity","0.13","32.99","1,864,665.00","61,515,298.35","61,515,298.35","Financials","2340210","US8984021027","NASDAQ"
"GVA","GRANITE CONSTRUCTION INC","Equity","0.13","45.88","1,339,248.00","61,444,698.24","61,444,698.24","Industrials","2381189","US3873281071","New York Stock Exchange Inc."
"SBH","SALLY BEAUTY HOLDINGS INC","Equity","0.13","17.68","3,463,896.00","61,241,681.28","61,241,681.28","Consumer Discretionary","B1GZ005","US79546E1047","New York Stock Exchange Inc."
"MTX","MINERALS TECHNOLOGIES INC","Equity","0.13","60.31","1,012,461.00","61,061,522.91","61,061,522.91","Materials","2595612","US6031581068","New York Stock Exchange Inc."
"URBN","URBAN OUTFITTERS INC","Equity","0.13","28.09","2,168,475.00","60,912,462.75","60,912,462.75","Consumer Discretionary","2933438","US9170471026","NASDAQ"
"IBOC","INTERNATIONAL BANCSHARES CORP","Equity","0.13","38.89","1,564,671.00","60,850,055.19","60,850,055.19","Financials","2243911","US4590441030","NASDAQ"
"MLHR","HERMAN MILLER INC","Equity","0.13","35.77","1,692,029.00","60,523,877.33","60,523,877.33","Industrials","2594222","US6005441000","NASDAQ"
"HAIN","HAIN CELESTIAL GROUP INC","Equity","0.12","23.24","2,565,840.00","59,630,121.60","59,630,121.60","Consumer Staples","2492337","US4052171000","NASDAQ"
"MTDR","MATADOR RESOURCES","Equity","0.12","20.00","2,961,009.00","59,220,180.00","59,220,180.00","Energy","B7MSLL8","US5764852050","New York Stock Exchange Inc."
"JWA","JOHN WILEY AND SONS INC CLASS A","Equity","0.12","45.44","1,302,116.00","59,168,151.04","59,168,151.04","Communication","2965668","US9682232064","New York Stock Exchange Inc."
"INT","WORLD FUEL SERVICES CORP","Equity","0.12","30.58","1,934,447.00","59,155,389.26","59,155,389.26","Energy","2469450","US9814751064","New York Stock Exchange Inc."
"CMC","COMMERCIAL METALS","Equity","0.12","17.37","3,370,502.00","58,545,619.74","58,545,619.74","Materials","2213260","US2017231034","New York Stock Exchange Inc."
"VC","VISTEON CORP","Equity","0.12","72.40","807,750.00","58,481,100.00","58,481,100.00","Consumer Discretionary","B4N0JJ6","US92839U2069","NASDAQ"
"CLI","MACK-CALI REALTY REIT CORP","Equity","0.12","22.38","2,600,924.00","58,208,679.12","58,208,679.12","Real Estate","2192314","US5544891048","New York Stock Exchange Inc."
"AVNS","AVANOS MEDICAL INC","Equity","0.12","42.61","1,363,741.00","58,109,004.01","58,109,004.01","Health Care","BFFVV54","US05350V1061","New York Stock Exchange Inc."
"TEX","TEREX CORP","Equity","0.12","32.77","1,771,440.00","58,050,088.80","58,050,088.80","Industrials","2884224","US8807791038","New York Stock Exchange Inc."
"AN","AUTONATION INC","Equity","0.12","34.68","1,658,761.00","57,525,831.48","57,525,831.48","Consumer Discretionary","2732635","US05329W1027","New York Stock Exchange Inc."
"JACK","JACK IN THE BOX INC","Equity","0.12","77.01","742,929.00","57,212,962.29","57,212,962.29","Consumer Discretionary","2344922","US4663671091","NASDAQ"
"MNK","MALLINCKRODT","Equity","0.12","23.80","2,401,473.00","57,155,057.40","57,155,057.40","Health Care","BBJTYC4","IE00BBGT3753","New York Stock Exchange Inc."
"GNW","GENWORTH FINANCIAL A INC","Equity","0.12","3.95","14,313,767.00","56,539,379.65","56,539,379.65","Financials","B011WL6","US37247D1063","New York Stock Exchange Inc."
"NTCT","NETSCOUT SYSTEMS INC","Equity","0.12","27.92","2,012,984.00","56,202,513.28","56,202,513.28","Information Technology","2447285","US64115T1043","NASDAQ"
"ESV","ENSCO PLC CLASS A","Equity","0.11","4.42","12,494,910.00","55,227,502.20","55,227,502.20","Energy","B4VLR19","GB00B4VLR192","New York Stock Exchange Inc."
"SKT","TANGER FACTORY OUTLET CENTERS REIT","Equity","0.11","20.56","2,684,088.00","55,184,849.28","55,184,849.28","Real Estate","2874582","US8754651060","New York Stock Exchange Inc."
"QEP","QEP RESOURCES INC","Equity","0.11","8.10","6,803,623.00","55,109,346.30","55,109,346.30","Energy","B60X657","US74733V1008","New York Stock Exchange Inc."
"KBH","KB HOME","Equity","0.11","22.75","2,418,068.00","55,011,047.00","55,011,047.00","Consumer Discretionary","2485070","US48666K1097","New York Stock Exchange Inc."
"CMP","COMPASS MINERALS INTERNATIONAL INC","Equity","0.11","56.46","973,841.00","54,983,062.86","54,983,062.86","Materials","2202763","US20451N1019","New York Stock Exchange Inc."
"BBBY","BED BATH AND BEYOND INC","Equity","0.11","13.91","3,930,803.00","54,677,469.73","54,677,469.73","Consumer Discretionary","2085878","US0758961009","NASDAQ"
"CAKE","CHEESECAKE FACTORY INC","Equity","0.11","45.48","1,200,543.00","54,600,695.64","54,600,695.64","Consumer Discretionary","2192392","US1630721017","NASDAQ"
"PDCO","PATTERSON COMPANIES INC","Equity","0.11","22.81","2,359,583.00","53,822,088.23","53,822,088.23","Health Care","2672689","US7033951036","NASDAQ"
"DLX","DELUXE CORP","Equity","0.11","42.44","1,253,922.00","53,216,449.68","53,216,449.68","Industrials","2260363","US2480191012","New York Stock Exchange Inc."
"UNIT","UNITI GROUP INC","Equity","0.11","10.20","5,157,340.00","52,604,868.00","52,604,868.00","Real Estate","BD6VBR1","US91325V1089","NASDAQ"
"CPE","CALLON PETROLEUM","Equity","0.11","7.93","6,536,926.00","51,837,823.18","51,837,823.18","Energy","2186072","US13123X1028","New York Stock Exchange Inc."
"MDRX","ALLSCRIPTS HEALTHCARE SOLUTIONS IN","Equity","0.11","10.54","4,893,184.00","51,574,159.36","51,574,159.36","Health Care","2710039","US01988P1084","NASDAQ"
"SM","SM ENERGY","Equity","0.11","17.29","2,967,824.00","51,313,676.96","51,313,676.96","Energy","2764188","US78454L1008","New York Stock Exchange Inc."
"TPH","TRI POINTE GROUP INC","Equity","0.10","12.46","4,067,644.00","50,682,844.24","50,682,844.24","Consumer Discretionary","B92CQF3","US87265H1095","New York Stock Exchange Inc."
"DLPH","DELPHI TECHNOLOGIES PLC","Equity","0.10","19.59","2,542,323.00","49,804,107.57","49,804,107.57","Consumer Discretionary","BD85SC5","JE00BD85SC56","New York Stock Exchange Inc."
"OAS","OASIS PETROLEUM INC","Equity","0.10","6.34","7,792,187.00","49,402,465.58","49,402,465.58","Energy","B64R5J2","US6742151086","New York Stock Exchange Inc."
"INGN","INOGEN INC","Equity","0.10","94.68","515,669.00","48,823,540.92","48,823,540.92","Health Care","BJSVLL5","US45780L1044","NASDAQ"
"PLT","PLANTRONICS INC","Equity","0.10","51.36","939,218.00","48,238,236.48","48,238,236.48","Information Technology","2692030","US7274931085","New York Stock Exchange Inc."
"OII","OCEANEERING INTERNATIONAL INC","Equity","0.10","16.82","2,849,174.00","47,923,106.68","47,923,106.68","Energy","2655583","US6752321025","New York Stock Exchange Inc."
"EAT","BRINKER INTERNATIONAL INC","Equity","0.10","43.18","1,081,033.00","46,679,004.94","46,679,004.94","Consumer Discretionary","2193544","US1096411004","New York Stock Exchange Inc."
"ALEX","ALEXANDER & BALDWIN INC","Equity","0.10","23.99","1,941,842.00","46,584,789.58","46,584,789.58","Real Estate","B827VB2","US0144911049","New York Stock Exchange Inc."
"HNI","HNI CORP","Equity","0.10","37.37","1,244,203.00","46,495,866.11","46,495,866.11","Industrials","2435246","US4042511000","New York Stock Exchange Inc."
"DNOW","NOW INC","Equity","0.09","14.63","3,112,926.00","45,542,107.38","45,542,107.38","Industrials","BMH0MV1","US67011P1003","New York Stock Exchange Inc."
"DY","DYCOM INDUSTRIES INC","Equity","0.09","49.38","898,668.00","44,376,225.84","44,376,225.84","Industrials","2289841","US2674751019","New York Stock Exchange Inc."
"RDC","ROWAN COMPANIES CLASS A PLC","Equity","0.09","12.10","3,665,932.00","44,357,777.20","44,357,777.20","Energy","B840261","GB00B6SLMV12","New York Stock Exchange Inc."
"PBH","PRESTIGE CONSUMER HEALTHCARE INC","Equity","0.09","29.00","1,492,989.00","43,296,681.00","43,296,681.00","Health Care","B0650P3","US74112D1019","New York Stock Exchange Inc."
"WOR","WORTHINGTON INDUSTRIES INC","Equity","0.09","38.09","1,127,935.00","42,963,044.15","42,963,044.15","Materials","2981932","US9818111026","New York Stock Exchange Inc."
"WERN","WERNER ENTERPRISES INC","Equity","0.09","33.33","1,255,532.00","41,846,881.56","41,846,881.56","Industrials","2948852","US9507551086","NASDAQ"
"CARS","CARS.COM INC","Equity","0.09","23.30","1,781,306.00","41,504,429.80","41,504,429.80","Communication","BYXHTC0","US14575E1055","New York Stock Exchange Inc."
"SIG","SIGNET JEWELERS LTD","Equity","0.08","27.29","1,491,880.00","40,713,405.20","40,713,405.20","Consumer Discretionary","B3CTNK6","BMG812761002","New York Stock Exchange Inc."
"MCY","MERCURY GENERAL CORP","Equity","0.08","51.00","777,182.00","39,636,282.00","39,636,282.00","Financials","2578464","US5894001008","New York Stock Exchange Inc."
"DDS","DILLARDS INC CLASS A","Equity","0.08","73.39","532,241.00","39,061,166.99","39,061,166.99","Consumer Discretionary","2269768","US2540671011","New York Stock Exchange Inc."
"MDR","MCDERMOTT INTERNATIONAL INC","Equity","0.08","7.45","5,210,158.00","38,815,677.10","38,815,677.10","Energy","BD9NR98","PAL1201471A1","New York Stock Exchange Inc."
"BID","SOTHEBYS","Equity","0.08","40.34","947,423.00","38,219,043.82","38,219,043.82","Consumer Discretionary","2822406","US8358981079","New York Stock Exchange Inc."
"RLGY","REALOGY HOLDINGS CORP","Equity","0.08","11.61","3,271,538.00","37,982,556.18","37,982,556.18","Real Estate","B5T0CW1","US75605Y1064","New York Stock Exchange Inc."
"TUP","TUPPERWARE BRANDS CORP","Equity","0.08","25.88","1,405,752.00","36,380,861.76","36,380,861.76","Consumer Discretionary","2872069","US8998961044","New York Stock Exchange Inc."
"PBI","PITNEY BOWES INC","Equity","0.08","6.76","5,375,684.00","36,339,623.84","36,339,623.84","Industrials","2690506","US7244791007","New York Stock Exchange Inc."
"SGMS","SCIENTIFIC GAMES CORP","Equity","0.07","22.16","1,585,989.00","35,145,516.24","35,145,516.24","Consumer Discretionary","2919290","US80874P1093","NASDAQ"
"ADNT","ADIENT PLC","Equity","0.07","13.47","2,506,027.00","33,756,183.69","33,756,183.69","Consumer Discretionary","BD845X2","IE00BD845X29","New York Stock Exchange Inc."
"SYNA","SYNAPTICS INC","Equity","0.07","33.65","987,287.00","33,222,207.55","33,222,207.55","Information Technology","2839268","US87157D1090","NASDAQ"
"GEF","GREIF INC CLASS A","Equity","0.06","41.45","756,220.00","31,345,319.00","31,345,319.00","Materials","2388016","US3976241071","New York Stock Exchange Inc."
"MIK","MICHAELS COMPANIES INC","Equity","0.06","11.92","2,563,761.00","30,560,031.12","30,560,031.12","Consumer Discretionary","BNG83R6","US59408Q1067","NASDAQ"
"PZZA","PAPA JOHNS INTERNATIONAL INC","Equity","0.06","46.89","650,085.00","30,482,485.65","30,482,485.65","Consumer Discretionary","2696117","US6988131024","NASDAQ"
"ISCA","INTERNATIONAL SPEEDWAY CORP CLASS","Equity","0.06","43.01","683,092.00","29,379,786.92","29,379,786.92","Consumer Discretionary","2478144","US4603352018","NASDAQ"
"TR","TOOTSIE ROLL INDUSTRIES INC","Equity","0.04","37.17","548,328.00","20,381,351.76","20,381,351.76","Consumer Staples","2896809","US8905161076","New York Stock Exchange Inc."
